﻿<?xml version="1.0" encoding="utf-8"?>
<resources>
	<string name="e00">Система не отвечает.</string>
	<string name="e01">Ошибка печатной платы.</string>
	<string name="e02">Ошибка печатной платы.</string>
	<string name="e03">Ошибка печатной платы.</string>
	<string name="e04">Микропрограммное обеспечение повреждено.</string>
	<string name="e05">Произошло зависание системы.</string>
	<string name="e06">Микропрограммное обеспечение повреждено.</string>
	<string name="e07">Диск не найден.</string>
	<string name="e10">Мощность ниже номинальной. Заряд источника бесперебойного питания %d подходит к концу.</string>
	<string name="e11">Произошла ошибка, связанная со скоростью вентилятора.</string>
	<string name="e12">Возможно, повышение температуры системы превысило допустимый безопасный предел.</string>
	<string name="e13">Ошибка в массиве RAID %d.</string>
	<string name="e14">Не удалось подключить массив RAID %d.</string>
	<string name="e15">На диске %d слишком много поврежденных секторов или блоков.</string>
	<string name="e16">Диск %d не найден.</string>
	<string name="e17">Произошла ошибка часов реального времени.</string>
	<string name="e18">Сбой SATA 1.</string>
	<string name="e19">Сбой SATA 2.</string>
	<string name="e20">Произошел сбой USB.</string>
	<string name="e21">Произошел сбой сетевого контроллера.</string>
	<string name="e22">Не удалось подключить диск %d.</string>
	<string name="e23">Произошла ошибка, и диск %d был отключен от массива RAID.</string>
	<string name="e24">Невозможно правильно применить настройки iSCSI.</string>
	<string name="e25">Произошла ошибка iSCSI.</string>
	<string name="e26">Произошла ошибка репликации.</string>
	<string name="e27">Сбой связи с целевым устройством аварийного переключения.</string>
	<string name="e30">Произошла ошибка диска %d.</string>
	<string name="e31">Сбой источника питания.</string>
	<string name="e32">Сбой источника питания.</string>
	<string name="e33">На диске %d обнаружены секторы, не подлежащие восстановлению.</string>
	<string name="e39">В настоящий момент невозможно использовать EasyStation для резервного копирования.\nЕсли выполняется перестроение RAID-массива, дождитесь его окончания.</string>
	<string name="e40">Том поврежден.</string>
	<string name="e41">Сбой энергонезависимого ОЗУ.</string>
	<string name="e99">Ошибка во время устаревания.</string>
	<string name="i01">Проверка системной области...</string>
	<string name="i10">Перегрев системы.</string>
	<string name="i11">Возможно, превышено допустимое количество поврежденных секторов и блоков на диске %d.</string>
	<string name="i12">Массив RAID работает в режиме пониженной производительности.</string>
	<string name="i13">Форматирование массива RAID %d...</string>
	<string name="i14">Повторная синхронизация массива RAID %d...</string>
	<string name="i15">Сканирование данных массива RAID %d...</string>
	<string name="i16">Создание массива RAID %d...</string>
	<string name="i17">Повторная синхронизация массива RAID %d...</string>
	<string name="i18">Повторное построение RAID-массива %d...</string>
	<string name="i18s">Повторное построение диска %s...</string>
	<string name="i19">Повторная запись данных массива RAID %d...</string>
	<string name="i20">Форматирование диска %d...</string>
	<string name="i21">Проверка диска %d...</string>
	<string name="i22">Повторная запись данных на диск %d...</string>
	<string name="i23">Инициализация настроек...</string>
	<string name="i24">Настройка конфигурации сети...</string>
	<string name="i25">Обновление микропрограммы...</string>
	<string name="i26">Инициализация настроек...</string>
	<string name="i27">Проверка USB-накопителя...</string>
	<string name="i28">Форматирование USB-накопителя...</string>
	<string name="i29">Настройка квот...</string>
	<string name="i30">Подключение к iSCSI...</string>
	<string name="i31">Обнаружен новый диск.</string>
	<string name="i32">Обнаружен новый диск.</string>
	<string name="i33">Произошла ошибка репликации.</string>
	<string name="i34">Был обнаружен вирус и отправлен в карантин.</string>
	<string name="i35">Медиакартридж находится не в том гнезде, в котором он был создан.</string>
	<string name="i36">Невозможно расшифровать медиакартридж.</string>
	<string name="i37">Инициализация настроек...</string>
	<string name="i38">Инициализация настроек завершена.</string>
	<string name="i39">Инициализация настроек с помощью этого USB-накопителя завершена.</string>
	<string name="i40">Запуск инициализации. Все данные на дисках могут быть удалены.</string>
	<string name="i41">Чтобы запустить инициализацию, нажмите функциональную кнопку.</string>
	<string name="i42">Подготовка к инициализации...</string>
	<string name="i43">Сбой инициализации с помощью этого USB-накопителя.</string>
	<string name="i44">Инициализация с помощью этого USB-накопителя была запущена, но диск 1 не был обнаружен.</string>
	<string name="i45">Сбой инициализации.</string>
	<string name="i46">Выполняется перенос данных.</string>
	<string name="i47">Не выключайте питание устройства.</string>
	<string name="i48">Этот накопитель TeraStation назначен целевым устройством для аварийного переключения другого накопителя TeraStation.</string>
	<string name="i49">Главное устройство не найдено. Произошел отказ оборудования. Теперь этот накопитель TeraStation выполняет роль главного устройства.</string>
	<string name="i50">Этот накопитель TeraStation находится в режиме обслуживания.</string>
	<string name="i51">Настройка аварийного переключения...</string>
	<string name="i52">Доступна новая версия микропрограммы.</string>
	<string name="i54">Сбой операции резервного копирования %d.</string>
	<string name="i54s">Сбой резервного копирования.</string>
	<string name="i55">Сбой аутентификации при восстановлении настроек.</string>
	<string name="i56">Недостаточное количество лицензий на камеры видеонаблюдения.</string>
	<string name="i57">Недостаточно свободного места для записи видео с камер видеонаблюдения.</string>
	<string name="i58">Не удалось записать видео с камеры видеонаблюдения.</string>
	<string name="i59">Boot Authentication: сбой.</string>
	<string name="i60">Превышена зарезервированная емкость записи для накопителя %d.</string>
	<string name="i61">Устройство работает в режиме настройки дисков.</string>
	<string name="i62">Невозможно записать данные на диск %d.</string>
	<string name="i63">На диске слишком много поврежденных блоков, поэтому включена защита данных. Выполните резервное копирование данных на поврежденном диске и замените его.</string>
	<string name="i64">Не удалось подключиться к службе облачного хранилища.</string>
	<string name="i65">Свободное пространство меньше заданного процентного значения порога. Целевое хранилище указано в сообщении окна Настройки.</string>
	<string name="i66">Свободное пространство составляет не более 1 %%. Целевое хранилище указано в сообщении окна Настройки.</string>
	<string name="i70">Недостаточно свободного места для сохранения журналов доступа к файлам. Более ранние журналы будут автоматически удаляться.</string>
	<string name="i71">Недостаточно свободного места — более ранние журналы удалены.</string>
	<string name="i72">Не удалось записать файлы журналов в целевую папку. Целевая папка изменена на системную область.</string>
</resources>
