<?xml version="1.0" encoding="utf-8"?>
<resources>
	<string name="e00">Het systeem reageert niet.</string>
	<string name="e01">Er is een fout met de printplaat opgetreden.</string>
	<string name="e02">Er is een fout met de printplaat opgetreden.</string>
	<string name="e03">Er is een fout met de printplaat opgetreden.</string>
	<string name="e04">Firmware is beschadigd.</string>
	<string name="e05">Systeem is bevroren.</string>
	<string name="e06">Firmware is beschadigd.</string>
	<string name="e07">Station werd niet gevonden.</string>
	<string name="e10">Normale voeding is niet beschikbaar. Batterijstroom van UPS %d raakt leeg.</string>
	<string name="e11">Er is een fout met de ventilatorsnelheid opgetreden.</string>
	<string name="e12">Een toename in de systeemtemperatuur kan de toegestane veiligheidswaarde overschreden hebben.</string>
	<string name="e13">Er is een fout met de RAID-matrix %d opgetreden.</string>
	<string name="e14">RAID-matrix %d kon niet worden gekoppeld.</string>
	<string name="e15">Station %d heeft teveel beschadigde sectoren of blokken.</string>
	<string name="e16">Station %d werd niet gevonden.</string>
	<string name="e17">Er is een fout met de real-timeklok opgetreden.</string>
	<string name="e18">SATA 1 is mislukt.</string>
	<string name="e19">SATA 2 is mislukt.</string>
	<string name="e20">Er is USB-fout opgetreden.</string>
	<string name="e21">Er is NIC-fout opgetreden.</string>
	<string name="e22">Station %d kon niet worden gekoppeld.</string>
	<string name="e23">Er is een fout op station %d opgetreden en het werd van de RAID-matrix verwijderd.</string>
	<string name="e24">De iSCSI-instellingen kunnen niet juist worden toegepast.</string>
	<string name="e25">Er is een iSCSI-fout opgetreden.</string>
	<string name="e26">Er is een replicatiefout opgetreden.</string>
	<string name="e27">Verbinding met het failover-doel is verbroken.</string>
	<string name="e30">Er is een stationfout op station %d opgetreden.</string>
	<string name="e31">De stroomvoorziening is uitgevallen.</string>
	<string name="e32">De stroomvoorziening is uitgevallen.</string>
	<string name="e33">Onherstelbare blokken zijn op station %d gedetecteerd.</string>
	<string name="e39">Het EasyStation kan momenteel niet voor back-updoeleinden worden gebruikt.\nAls een RAID opnieuw wordt samengesteld, wacht totdat dit is voltooid.</string>
	<string name="e40">Het volume is beschadigd.</string>
	<string name="e41">Een NVRAM is mislukt.</string>
	<string name="e99">Er is fout tijdens het vervallen van de tijd opgetreden.</string>
	<string name="i01">Bezig met controleren van systeemgebied...</string>
	<string name="i10">Het systeem is oververhit.</string>
	<string name="i11">Het aantal beschadigde sectoren of blokken kan de toegestane waarde op station %d hebben overschreden.</string>
	<string name="i12">De RAID-matrix bevindt zich in gedegradeerde modus.</string>
	<string name="i13">Bezig met formatteren van RAID-matrix %d...</string>
	<string name="i14">Bezig met opnieuw synchroniseren van RAID-matrix %d...</string>
	<string name="i15">Bezig met scannen van gegevens op RAID-matrix %d...</string>
	<string name="i16">Bezig met maken van RAID-matrix %d...</string>
	<string name="i17">Bezig met opnieuw synchroniseren van RAID-matrix %d...</string>
	<string name="i18">Bezig met het opnieuw maken van RAID-matrix %d...</string>
	<string name="i18s">Bezig met het opnieuw maken van station %s...</string>
	<string name="i19">Bezig met opnieuw schrijven van RAID-matrix %d...</string>
	<string name="i20">Bezig met formatteren van station %d...</string>
	<string name="i21">Bezig met controleren van station %d...</string>
	<string name="i22">Bezig met opnieuw schrijven van station %d...</string>
	<string name="i23">Bezig met initialiseren van de instellingen...</string>
	<string name="i24">Bezig met configureren van netwerkinstellingen...</string>
	<string name="i25">Firmware bijwerken...</string>
	<string name="i26">Bezig met initialiseren van de instellingen...</string>
	<string name="i27">Bezig met controleren van het USB-station...</string>
	<string name="i28">Bezig met formatteren van het USB-station...</string>
	<string name="i29">Bezig met configureren van quota's...</string>
	<string name="i30">Verbinding maken met iSCSI...</string>
	<string name="i31">Er werd een nieuw station gedetecteerd.</string>
	<string name="i32">Er werd een nieuw station gedetecteerd.</string>
	<string name="i33">Er is een replicatiefout opgetreden.</string>
	<string name="i34">Er werd een virus gedetecteerd en in quarantaine geplaatst.</string>
	<string name="i35">Een mediacassette bevindt zich in een sleuf verschillend van deze waarin het werd gemaakt.</string>
	<string name="i36">Mediacartridge kan niet worden ontcijferd.</string>
	<string name="i37">Bezig met initialiseren van de instellingen...</string>
	<string name="i38">Initialisatie van de instellingen is voltooid.</string>
	<string name="i39">Initialisatie van de instellingen met behulp van dit USB-station is voltooid.</string>
	<string name="i40">Initialisatie starten. Alle gegevens op de stations kunnen verloren gaan.</string>
	<string name="i41">Druk op de functieknop om de initialisatie te starten.</string>
	<string name="i42">Bezig met voorbereiden van initialisatie...</string>
	<string name="i43">Initialisatie mislukt tijdens het gebruiken van dit USB-station.</string>
	<string name="i44">Initialisatie met gebruik van het USB-station werd geïnitieerd, maar station 1 werd niet gedetecteerd.</string>
	<string name="i45">Initialisatie is mislukt.</string>
	<string name="i46">Gegevensmigratie wordt uitgevoerd.</string>
	<string name="i47">Schakel de eenheid niet uit.</string>
	<string name="i48">Dit TeraStation werd geconfigureerd als het failover-doel van een ander TeraStation.</string>
	<string name="i49">De hoofdeenheid werd niet gevonden. Failover is opgetreden en dit TeraStation is nu de hoofdeenheid.</string>
	<string name="i50">Dit TeraStation is in de onderhoudsmodus.</string>
	<string name="i51">Bezig met configureren van failover...</string>
	<string name="i52">Er is nieuwe versie van firmware beschikbaar.</string>
	<string name="i54">Back-uptaak %d is mislukt.</string>
	<string name="i54s">De back-uptaak is mislukt.</string>
	<string name="i55">Verificatie tijdens herstel van instellingen is mislukt.</string>
	<string name="i56">Onvoldoende bewakingscameralicenties.</string>
	<string name="i57">Onvoldoende vrije ruimte om bewakingsvideo op te nemen.</string>
	<string name="i58">Kon geen bewakingsvideo opnemen.</string>
	<string name="i59">Boot Authentication mislukt.</string>
	<string name="i60">De gegarandeerde schrijfcapaciteit van station %d werd overschreden.</string>
	<string name="i61">De eenheid bevindt zich in de installatiemodus.</string>
	<string name="i62">De gegevens kunnen niet langer naar station %d worden weggeschreven.</string>
	<string name="i63">Het station heeft te veel beschadigde blokken, de gegevensbeschermingsmodus werd dus ingeschakeld. Maak een back-up van de gegevens op het aangetaste station en vervang het.</string>
	<string name="i64">Kan geen verbinding met de cloudopslagservice maken.</string>
	<string name="i65">De beschikbare ruimte is afgenomen tot over de geconfigureerde drempelpercentage. Raadpleeg het bericht op Instellingen voor de specifieke doelopslag.</string>
	<string name="i66">De beschikbare ruimte is afgenomen tot 1 %% of minder. Raadpleeg het bericht op Instellingen voor de specifieke doelopslag.</string>
	<string name="i70">Onvoldoende beschikbare ruimte om bestandstoeganglogboeken op te slaan. De oudere logboeken worden automatisch verwijderd.</string>
	<string name="i71">Onvoldoende beschikbare ruimte, de oudere logboeken werden dus verwijderd.</string>
	<string name="i72">Het schrijven van de logbestanden in de map die als de doelmap is aangewezen is mislukt. De doelmap is gewijzigd naar het systeemgebied.</string>
</resources>
