<?xml version="1.0" encoding="utf-8"?>
<resources>
	<string name="e00">Systemet svarer ikke.</string>
	<string name="e01">Der opstod en fejl med printkortet.</string>
	<string name="e02">Der opstod en fejl med printkortet.</string>
	<string name="e03">Der opstod en fejl med printkortet.</string>
	<string name="e04">Korrupt firmware.</string>
	<string name="e05">Systemet er frosset.</string>
	<string name="e06">Korrupt firmware.</string>
	<string name="e07">Drev ikke fundet.</string>
	<string name="e10">Normal effekt er ikke tilgængelig. UPS %d er ved at løbe tør for batteristrøm.</string>
	<string name="e11">Der opstod en fejl med blæserhastigheden.</string>
	<string name="e12">En stigning i systemtemperaturen kan have overskredet den tilladte sikkerhedsværdi.</string>
	<string name="e13">Der opstod en fejl med RAID-array %d.</string>
	<string name="e14">RAID-array %d kunne ikke monteres.</string>
	<string name="e15">Drev %d har for mange dårlige sektorer eller blokke.</string>
	<string name="e16">Drev %d ikke fundet.</string>
	<string name="e17">Der opstod en fejl med realtidsuret.</string>
	<string name="e18">SATA 1 mislykkedes.</string>
	<string name="e19">SATA 2 mislykkedes.</string>
	<string name="e20">Der opstod en USB-fejl.</string>
	<string name="e21">Der opstod en NIC-fejl.</string>
	<string name="e22">Drev %d kunne ikke monteres.</string>
	<string name="e23">Der opstod en fejl på drev %d, og det er blevet fjernet fra RAID-arrayet.</string>
	<string name="e24">iSCSI-indstillingerne kan ikke anvendes korrekt.</string>
	<string name="e25">Der opstod en iSCSI-fejl.</string>
	<string name="e26">Der opstod en replikeringsfejl.</string>
	<string name="e27">Mistede forbindelsen med failover-målet.</string>
	<string name="e30">Der opstod en drevfejl på drev %d.</string>
	<string name="e31">Strømforsyningen mislykkedes.</string>
	<string name="e32">Strømforsyningen mislykkedes.</string>
	<string name="e33">Der er blevet registreret nogle blokke på drev %d, der ikke kunne gendannes.</string>
	<string name="e39">EasyStationen kan i øjeblikket ikke bruges til sikkerhedskopiering\nHvis genopbygning af RAID er i gang, bedes du vente indtil den er færdig.</string>
	<string name="e40">Diskenheden er beskadiget.</string>
	<string name="e41">En NVRAM mislykkedes.</string>
	<string name="e99">Der opstod en fejl under aging time.</string>
	<string name="i01">Kontrollerer systemområdet...</string>
	<string name="i10">Systemet er overophedet.</string>
	<string name="i11">Antallet af dårlige sektorer eller dårlige blokke kan have overskredet den tilladte værdi på drev %d.</string>
	<string name="i12">RAID-array er i degraderet tilstand.</string>
	<string name="i13">Formaterer RAID-array %d...</string>
	<string name="i14">Resynkroniserer RAID-array %d...</string>
	<string name="i15">Scanner data på RAID-array %d...</string>
	<string name="i16">Opretter RAID-array %d...</string>
	<string name="i17">Resynkroniserer RAID-array %d...</string>
	<string name="i18">Genbygger RAID-array %d...</string>
	<string name="i18s">Genbygger drevet %s...</string>
	<string name="i19">Omskriver RAID-array %d...</string>
	<string name="i20">Formaterer drev %d...</string>
	<string name="i21">Kontrollerer drev %d...</string>
	<string name="i22">Omskriver drev %d...</string>
	<string name="i23">Opstarter indstillinger...</string>
	<string name="i24">Konfigurerer netværksindstillingerne...</string>
	<string name="i25">Opdaterer firmware...</string>
	<string name="i26">Opstarter indstillinger...</string>
	<string name="i27">Kontrollerer USB-drevet...</string>
	<string name="i28">Formaterer USB-drevet...</string>
	<string name="i29">Konfigurerer kvoter...</string>
	<string name="i30">Opretter forbindelse til iSCSI...</string>
	<string name="i31">Der er fundet et nyt drev.</string>
	<string name="i32">Der er fundet et nyt drev.</string>
	<string name="i33">Der opstod en replikeringsfejl.</string>
	<string name="i34">En virus er fundet og sat i karantæne.</string>
	<string name="i35">En mediekassette er i en anden sektion end den, hvor den blev oprettet.</string>
	<string name="i36">Medieindsatsen kan ikke afkodes.</string>
	<string name="i37">Opstarter indstillinger...</string>
	<string name="i38">Indstillingsinitialisering er afsluttet.</string>
	<string name="i39">Indstillingsinitialisering ved hjælp af dette USB-drev er afsluttet.</string>
	<string name="i40">Pågynder initialisering. Alle data på drevene kan blive slettet.</string>
	<string name="i41">Tryk på funktionsknappen for at starte initialisering.</string>
	<string name="i42">Forbereder initialisering...</string>
	<string name="i43">Initialisering ved hjælp af dette USB-drev mislykkedes.</string>
	<string name="i44">Initialisering ved hjælp af USB-drevet blev initieret, men drev 1 blev ikke fundet.</string>
	<string name="i45">Initialisering mislykkedes.</string>
	<string name="i46">Dataoverførsel pågår.</string>
	<string name="i47">Sluk ikke strømmen til enheden.</string>
	<string name="i48">Denne TeraStation er konfigureret som failover-mål for en anden TeraStation.</string>
	<string name="i49">Hovedenheden blev ikke fundet. Der opstod failover, og denne TeraStation er nu blevet hovedenheden.</string>
	<string name="i50">Denne TeraStation er i vedligeholdelsestilstand.</string>
	<string name="i51">Konfiguration af failover...</string>
	<string name="i52">Der er en ny firmwareversion klar.</string>
	<string name="i54">Backup-opgaven %d mislykkedes.</string>
	<string name="i54s">Sikkerhedskopieringen mislykkedes.</string>
	<string name="i55">Autentificering under gendannelse af indstillinger mislykkedes.</string>
	<string name="i56">Ikke tilstrækkelige overvågningskameralicenser.</string>
	<string name="i57">Ikke tilstrækkelig ledig plads til at optage overvågningsvideo.</string>
	<string name="i58">Kunne ikke optage overvågningsvideo.</string>
	<string name="i59">Boot Authentication mislykkedes.</string>
	<string name="i60">Drev %ds garanteret skrivekapacitet er overskredet.</string>
	<string name="i61">Denne enhed er i installationstilstand.</string>
	<string name="i62">Der kan ikke lænere skrives data på drev %d.</string>
	<string name="i63">Drevet har for mange dårlige blokke, så databeskyttelsestilstanden er blevet aktiveret. Sikkerhedskopier data på det berørte drev og udskift det.</string>
	<string name="i64">Det var ikke muligt, at oprette forbindelse til skylageret.</string>
	<string name="i65">Mængden af ledig plads er under den konfigureret tærskelprocent. Se, hvor meget plads du har tilbage i beskeden under Indstillinger.</string>
	<string name="i66">Mængden af ledig plads er under 1 %%. Se, hvor meget plads du har tilbage i beskeden under Indstillinger.</string>
	<string name="i70">Der er ikke nok ledig plads til, at gemme filadgangslogfilerne. De ældste logfiler slettes automatisk.</string>
	<string name="i71">Der var ikke nok ledig plads, so de ældste logfiler blev slettet.</string>
	<string name="i72">Logfilerne kunne ikke skrives til den valgte mappe. Mappen er blevet ændret til systemområdet.</string>
</resources>
