<?xml version="1.0" encoding="utf-8"?>
<resources>
	<string name="e00">Sistem yanıt vermiyor.</string>
	<string name="e01">Devre kartıyla ilgili bir hata oluştu.</string>
	<string name="e02">Devre kartıyla ilgili bir hata oluştu.</string>
	<string name="e03">Devre kartıyla ilgili bir hata oluştu.</string>
	<string name="e04">Bozuk üretici yazılımı.</string>
	<string name="e05">Sistem dondu.</string>
	<string name="e06">Bozuk üretici yazılımı.</string>
	<string name="e07">Sürücü bulunamadı.</string>
	<string name="e10">Normal güç kullanılamıyor. UPS %d, pil gücü üzerinden çalışıyor.</string>
	<string name="e11">Fan hızında bir hata oluştu.</string>
	<string name="e12">Sistem sıcaklığındaki artış izin verilen güvenlik değerini geçmiş olabilir.</string>
	<string name="e13">%d RAID dizisinde bir hata oluştu.</string>
	<string name="e14">%d RAID dizisi takılamadı.</string>
	<string name="e15">%d sürücüsünde çok fazla bozuk sektör ya da blok var.</string>
	<string name="e16">%d sürücüsü bulunamadı.</string>
	<string name="e17">Gerçek zaman saatinde bir hata oluştu.</string>
	<string name="e18">SATA 1 başarısız oldu.</string>
	<string name="e19">SATA 2 başarısız oldu.</string>
	<string name="e20">USB başarısız oldu.</string>
	<string name="e21">NIC başarısız oldu.</string>
	<string name="e22">%d sürücüsü takılamadı.</string>
	<string name="e23">%d sürücüsünde bir hata oluştu ve sürücü RAID dizisinden kaldırıldı.</string>
	<string name="e24">iSCSI ayarı düzgün şekilde uygulanamıyor.</string>
	<string name="e25">Bir iSCSI hatası oluştu.</string>
	<string name="e26">Çoğaltma hatası oluştu.</string>
	<string name="e27">Yük devretme hedefiyle bağlantı kaybedildi.</string>
	<string name="e30">%d sürücüsünde sürücü hatası oluştu.</string>
	<string name="e31">Güç kaynağı başarısız oldu.</string>
	<string name="e32">Güç kaynağı başarısız oldu.</string>
	<string name="e33">%d sürücüsünde kurtarılamayan bloklar algılandı.</string>
	<string name="e39">EasyStation şu anda yedekleme için kullanılamıyor.\nDevam eden bir RAID yeniden oluşturması varsa tamamlanmasını bekleyin.</string>
	<string name="e40">Birim bozuldu.</string>
	<string name="e41">Bir NVRAM başarısız oldu.</string>
	<string name="e99">Yaşlandırma süresi sırasında hata oluştu.</string>
	<string name="i01">Sistem alanı kontrol ediliyor...</string>
	<string name="i10">Sistem aşırı ısınıyor.</string>
	<string name="i11">Bozuk sektör ya da bozuk blok sayısı, %d sürücüsündeki izin verilen değeri aşmış olabilir.</string>
	<string name="i12">RAID dizisi indirgenmiş modda.</string>
	<string name="i13">%d RAID dizisi biçimlendiriliyor...</string>
	<string name="i14">%d RAID dizisi yeniden eşitleniyor...</string>
	<string name="i15">%d RAID dizisindeki veriler taranıyor...</string>
	<string name="i16">%d RAID dizisi oluşturuluyor...</string>
	<string name="i17">%d RAID dizisi yeniden eşitleniyor...</string>
	<string name="i18">%d RAID dizisi yeniden oluşturuluyor...</string>
	<string name="i18s">%s sürücüsü yeniden oluşturuluyor...</string>
	<string name="i19">%d RAID dizisi yeniden yazılıyor...</string>
	<string name="i20">%d sürücüsü biçimlendiriliyor...</string>
	<string name="i21">%d sürücüsü kontrol ediliyor...</string>
	<string name="i22">%d sürücüsü yeniden yazılıyor...</string>
	<string name="i23">Ayarlar başlatılıyor...</string>
	<string name="i24">Ağ ayarları yapılandırılıyor...</string>
	<string name="i25">Ürün yazılımı güncelleniyor...</string>
	<string name="i26">Ayarlar başlatılıyor...</string>
	<string name="i27">USB sürücüsü kontrol ediliyor...</string>
	<string name="i28">USB sürücüsü biçimlendiriliyor...</string>
	<string name="i29">Kotalar yapılandırılıyor...</string>
	<string name="i30">iSCSI'ya bağlanıyor...</string>
	<string name="i31">Yeni bir sürücü algılandı.</string>
	<string name="i32">Yeni bir sürücü algılandı.</string>
	<string name="i33">Çoğaltma hatası oluştu.</string>
	<string name="i34">Bir virüs algılandı ve karantinaya alındı.</string>
	<string name="i35">Medya kartuşu, oluşturulduğu yuvadan farklı bir yuvada.</string>
	<string name="i36">Medya kartuşunun şifresi çözülemiyor.</string>
	<string name="i37">Ayarlar başlatılıyor...</string>
	<string name="i38">Başlangıç ayarları tamamlandı.</string>
	<string name="i39">Bu USB sürücüsü ile başlangıç ayarları tamamlandı.</string>
	<string name="i40">Başlangıç başlatılıyor. Sürücülerdeki tüm veriler silinebilir.</string>
	<string name="i41">Başlangıcı başlatmak için fonksiyon düğmesine basın.</string>
	<string name="i42">Başlangıç hazırlanıyor...</string>
	<string name="i43">Bu USB sürücüsü ile başlangıç başarısız oldu.</string>
	<string name="i44">Bu USB sürücüsü ile başlangıç başlatıldı ancak sürücü 1 algılanmadı.</string>
	<string name="i45">Başlangıç başarısız oldu.</string>
	<string name="i46">Veri aktarma işlemi devam ediyor.</string>
	<string name="i47">Birimin gücünü kesmeyin.</string>
	<string name="i48">Bu TeraStation, başka bir TeraStation'ın yük devretme hedefi olarak yapılandırıldı.</string>
	<string name="i49">Ana birim bulunamadı. Yük devretme gerçekleşti ve bu TeraStation şimdi ana birim haline geldi.</string>
	<string name="i50">Bu TeraStation bakım modunda.</string>
	<string name="i51">Yük devretme yapılandırılıyor...</string>
	<string name="i52">Yeni bir ürün yazılımı sürümü mevcut.</string>
	<string name="i54">%d yedekleme işi başarısız oldu.</string>
	<string name="i54s">Yedekleme görevi başarısız oldu.</string>
	<string name="i55">Ayarları kurtarma sırasında kimlik doğrulama başarısız oldu.</string>
	<string name="i56">Yeterince güvenlik kamerası lisansı yok.</string>
	<string name="i57">Gözetim videolarını kaydetmek için yeterli boş alan yok.</string>
	<string name="i58">Gözetim videosu kaydedilemedi.</string>
	<string name="i59">Boot Authentication başarısız oldu.</string>
	<string name="i60">%d sürücüsünün garanti edilen yazma kapasitesi aþýldý.</string>
	<string name="i61">Birim sürücü kurulumu modunda.</string>
	<string name="i62">%d sürücüsüne daha fazla veri yazýlamýyor.</string>
	<string name="i63">Sürücüde çok fazla bozuk blok olduğu için veri koruma modu etkinleştirildi. Etkilenen sürücüdeki verileri yedekleyin ve sürücüyü değiştirin.</string>
	<string name="i64">Bulut depolama hizmetine baðlanýlamadý.</string>
	<string name="i65">Boş alan, yapılandırılmış eşik yüzdesinin altına indi. Spesifik hedef depolama için Ayarlar içindeki mesaja bakın.</string>
	<string name="i66">Boş alan %% 1'e veya altına indi. Spesifik hedef depolama için Ayarlar içindeki mesaja bakın.</string>
	<string name="i70">Dosya erişim günlüklerini kaydetmek için yeterince boş alan yok. Daha eski günlükler otomatik olarak silinecek.</string>
	<string name="i71">Yeterince boş alan olmadığından eski günlükler silindi.</string>
	<string name="i72">Kayıt dosyası, hedef klasör olarak belirlenen klasöre yazılamadı. Hedef klasörü, sistem alanı olarak değiştirildi.</string>
</resources>
