<?xml version="1.0" encoding="utf-8"?>
<resources>
	<string name="e00">Система не отвечает.-999</string>
	<string name="e01">Ошибка печатной платы.-999</string>
	<string name="e02">Ошибка печатной платы.-999</string>
	<string name="e03">Ошибка печатной платы.-999</string>
	<string name="e04">Микропрограммное обеспечение повреждено.-999</string>
	<string name="e05">Произошло зависание системы.-999</string>
	<string name="e06">Микропрограммное обеспечение повреждено.-999</string>
	<string name="e07">Диск не найден.-999</string>
	<string name="e10">Мощность ниже номинальной. Заряд источника бесперебойного питания %d подходит к концу.-999</string>
	<string name="e11">Произошла ошибка, связанная со скоростью вентилятора.-999</string>
	<string name="e12">Возможно, повышение температуры системы превысило допустимый безопасный предел.-999</string>
	<string name="e13">Ошибка в массиве RAID %d.-999</string>
	<string name="e14">Не удалось подключить массив RAID %d.-999</string>
	<string name="e15">На диске %d слишком много поврежденных секторов или блоков.-999</string>
	<string name="e16">Диск %d не найден.-999</string>
	<string name="e17">Произошла ошибка часов реального времени.-999</string>
	<string name="e18">Сбой SATA 1.-999</string>
	<string name="e19">Сбой SATA 2.-999</string>
	<string name="e20">Произошел сбой USB.-999</string>
	<string name="e21">Произошел сбой сетевого контроллера.-999</string>
	<string name="e22">Не удалось подключить диск %d.-999</string>
	<string name="e23">Произошла ошибка, и диск %d был отключен от массива RAID.-999</string>
	<string name="e24">Невозможно правильно применить настройки iSCSI.-999</string>
	<string name="e25">Произошла ошибка iSCSI.-999</string>
	<string name="e26">Произошла ошибка репликации.-999</string>
	<string name="e27">Сбой связи с целевым устройством аварийного переключения.-999</string>
	<string name="e30">Произошла ошибка диска %d.-999</string>
	<string name="e31">Сбой источника питания.-999</string>
	<string name="e32">Сбой источника питания.-999</string>
	<string name="e33">На диске %d обнаружены секторы, не подлежащие восстановлению.-999</string>
	<string name="e39">В настоящий момент невозможно использовать EasyStation для резервного копирования.\nЕсли выполняется перестроение RAID-массива, дождитесь его окончания.-999</string>
	<string name="e40">Том поврежден.-999</string>
	<string name="e41">Сбой энергонезависимого ОЗУ.-999</string>
	<string name="e99">Ошибка во время устаревания.-999</string>
	<string name="i01">Проверка системной области...-999</string>
	<string name="i10">Перегрев системы.-999</string>
	<string name="i11">Возможно, превышено допустимое количество поврежденных секторов и блоков на диске %d.-999</string>
	<string name="i12">Массив RAID работает в режиме пониженной производительности.-999</string>
	<string name="i13">Форматирование массива RAID %d...-999</string>
	<string name="i14">Повторная синхронизация массива RAID %d...-999</string>
	<string name="i15">Сканирование данных массива RAID %d...-999</string>
	<string name="i16">Создание массива RAID %d...-999</string>
	<string name="i17">Повторная синхронизация массива RAID %d...-999</string>
	<string name="i18">Повторное построение RAID-массива %d...-999</string>
	<string name="i18s">Повторное построение диска %s...-999</string>
	<string name="i19">Повторная запись данных массива RAID %d...-999</string>
	<string name="i20">Форматирование диска %d...-999</string>
	<string name="i21">Проверка диска %d...-999</string>
	<string name="i22">Повторная запись данных на диск %d...-999</string>
	<string name="i23">Инициализация настроек...-999</string>
	<string name="i24">Настройка конфигурации сети...-999</string>
	<string name="i25">Обновление микропрограммы...-999</string>
	<string name="i26">Инициализация настроек...-999</string>
	<string name="i27">Проверка USB-накопителя...-999</string>
	<string name="i28">Форматирование USB-накопителя...-999</string>
	<string name="i29">Настройка квот...-999</string>
	<string name="i30">Подключение к iSCSI...-999</string>
	<string name="i31">Обнаружен новый диск.-999</string>
	<string name="i32">Обнаружен новый диск.-999</string>
	<string name="i33">Произошла ошибка репликации.-999</string>
	<string name="i34">Был обнаружен вирус и отправлен в карантин.-999</string>
	<string name="i35">Медиакартридж находится не в том гнезде, в котором он был создан.-999</string>
	<string name="i36">Невозможно расшифровать медиакартридж.-999</string>
	<string name="i37">Инициализация настроек...-999</string>
	<string name="i38">Инициализация настроек завершена.-999</string>
	<string name="i39">Инициализация настроек с помощью этого USB-накопителя завершена.-999</string>
	<string name="i40">Запуск инициализации. Все данные на дисках могут быть удалены.-999</string>
	<string name="i41">Чтобы запустить инициализацию, нажмите функциональную кнопку.-999</string>
	<string name="i42">Подготовка к инициализации...-999</string>
	<string name="i43">Сбой инициализации с помощью этого USB-накопителя.-999</string>
	<string name="i44">Инициализация с помощью этого USB-накопителя была запущена, но диск 1 не был обнаружен.-999</string>
	<string name="i45">Сбой инициализации.-999</string>
	<string name="i46">Выполняется перенос данных.-999</string>
	<string name="i47">Не выключайте питание устройства.-999</string>
	<string name="i48">Этот накопитель TeraStation назначен целевым устройством для аварийного переключения другого накопителя TeraStation.-999</string>
	<string name="i49">Главное устройство не найдено. Произошел отказ оборудования. Теперь этот накопитель TeraStation выполняет роль главного устройства.-999</string>
	<string name="i50">Этот накопитель TeraStation находится в режиме обслуживания.-999</string>
	<string name="i51">Настройка аварийного переключения...-999</string>
	<string name="i52">Доступна новая версия микропрограммы.-999</string>
	<string name="i54">Сбой операции резервного копирования %d.-999</string>
	<string name="i54s">Сбой резервного копирования.-999</string>
	<string name="i55">Сбой аутентификации при восстановлении настроек.-999</string>
	<string name="i56">Недостаточное количество лицензий на камеры видеонаблюдения.-999</string>
	<string name="i57">Недостаточно свободного места для записи видео с камер видеонаблюдения.-999</string>
	<string name="i58">Не удалось записать видео с камеры видеонаблюдения.-999</string>
	<string name="i59">Boot Authentication: сбой.-999</string>
	<string name="i60">Превышена зарезервированная емкость записи для накопителя %d.-999</string>
	<string name="i61">Устройство работает в режиме настройки дисков.-999</string>
	<string name="i62">Невозможно записать данные на диск %d.-999</string>
	<string name="i63">На диске слишком много поврежденных блоков, поэтому включена защита данных. Выполните резервное копирование данных на поврежденном диске и замените его.-999</string>
	<string name="i64">Не удалось подключиться к службе облачного хранилища.-999</string>
	<string name="i65">Свободное пространство меньше заданного процентного значения порога. Целевое хранилище указано в сообщении окна Настройки.-999</string>
	<string name="i66">Свободное пространство составляет не более 1 %%. Целевое хранилище указано в сообщении окна Настройки.-999</string>
	<string name="i70">Недостаточно свободного места для сохранения журналов доступа к файлам. Более ранние журналы будут автоматически удаляться.-999</string>
	<string name="i71">Недостаточно свободного места — более ранние журналы удалены.-999</string>
	<string name="i72">Не удалось записать файлы журналов в целевую папку. Целевая папка изменена на системную область.-999</string>
</resources>
