<?xml version="1.0" encoding="utf-8"?>
<resources>
	<string name="e00">O sistema nŃo responde.-999</string>
	<string name="e01">Ocorreu um erro com a placa de circuito.-999</string>
	<string name="e02">Ocorreu um erro com a placa de circuito.-999</string>
	<string name="e03">Ocorreu um erro com a placa de circuito.-999</string>
	<string name="e04">Firmware danificado.-999</string>
	<string name="e05">O sistema bloqueou.-999</string>
	<string name="e06">Firmware danificado.-999</string>
	<string name="e07">Unidade não encontrada.-999</string>
	<string name="e10">A energia normal não está disponível. A bateria da UPS %d está a ficar sem energia.-999</string>
	<string name="e11">Ocorreu um erro com a velocidade da ventoinha.-999</string>
	<string name="e12">É possível que um aumento da temperatura do sistema tenha excedido o valor de segurança permitido.-999</string>
	<string name="e13">Ocorreu um erro com a matriz RAID %d.-999</string>
	<string name="e14">Não foi possível montar a matriz RAID %d.-999</string>
	<string name="e15">A unidade %d tem demasiados sectores ou blocos danificados.-999</string>
	<string name="e16">Unidade %d não encontrada.-999</string>
	<string name="e17">Ocorreu um erro com o relógio em tempo real.-999</string>
	<string name="e18">Falha de SATA 1.-999</string>
	<string name="e19">Falha de SATA 2.-999</string>
	<string name="e20">Ocorreu um erro na unidade USB.-999</string>
	<string name="e21">Ocorreu um erro na placa de rede.-999</string>
	<string name="e22">Não foi possível montar a unidade %d .-999</string>
	<string name="e23">Ocorreu um erro na unidade %d e foi removida da matriz RAID.-999</string>
	<string name="e24">As definições iSCSI não podem ser aplicadas correctamente.-999</string>
	<string name="e25">Ocorreu um erro iSCSI.-999</string>
	<string name="e26">Ocorreu um erro de replicação.-999</string>
	<string name="e27">Ligação perdida com o alvo pós-falha.-999</string>
	<string name="e30">Ocorreu um erro de unidade na unidade %d.-999</string>
	<string name="e31">Falha da fonte de alimentação.-999</string>
	<string name="e32">Falha da fonte de alimentação.-999</string>
	<string name="e33">Foram detectados blocos irrecuperáveis na unidade %d.-999</string>
	<string name="e39">O EasyStation não pode ser usado como cópia de segurança, de momento.\nSe uma reconstrução RAID estiver em curso, aguardar até que fique concluída.-999</string>
	<string name="e40">Volume danificado.-999</string>
	<string name="e41">Uma NVRAM falhou.-999</string>
	<string name="e99">Ocorreu um erro durante o tempo de envelhecimento.-999</string>
	<string name="i01">A verificar área do sistema...-999</string>
	<string name="i10">Sobreaquecimento do sistema.-999</string>
	<string name="i11">O número de sectores ou blocos danificados pode ter excedido o valor permitido na unidade %d.-999</string>
	<string name="i12">Matriz RAID no modo degradado.-999</string>
	<string name="i13">A formatar matriz RAID %d...-999</string>
	<string name="i14">A ressincronizar matriz RAID %d...-999</string>
	<string name="i15">A analisar dados na matriz RAID %d...-999</string>
	<string name="i16">A criar matriz RAID %d...-999</string>
	<string name="i17">A ressincronizar matriz RAID %d...-999</string>
	<string name="i18">A reconstruir matriz RAID %d...-999</string>
	<string name="i18s">A reconstruir unidade %s...-999</string>
	<string name="i19">A reescrever a matriz RAID %d...-999</string>
	<string name="i20">A formatar a unidade %d...-999</string>
	<string name="i21">A verificar a unidade %d...-999</string>
	<string name="i22">A reescrever a unidade %d...-999</string>
	<string name="i23">A inicializar definições...-999</string>
	<string name="i24">A configurar definições de rede...-999</string>
	<string name="i25">A actualizar firmware...-999</string>
	<string name="i26">A inicializar definições...-999</string>
	<string name="i27">A verificar a unidade USB...-999</string>
	<string name="i28">A formatar a unidade USB...-999</string>
	<string name="i29">A configurar quotas...-999</string>
	<string name="i30">A ligar ao iSCSI...-999</string>
	<string name="i31">Foi detectada uma nova unidade.-999</string>
	<string name="i32">Foi detectada uma nova unidade.-999</string>
	<string name="i33">Ocorreu um erro de replicação.-999</string>
	<string name="i34">Vírus detectado e enviado para quarentena.-999</string>
	<string name="i35">Existe um cartucho de dados numa ranhura diferente daquela onde foi criado.-999</string>
	<string name="i36">NŃo foi possÝvel desencriptar o cartucho de dados.-999</string>
	<string name="i37">A inicializar definições...-999</string>
	<string name="i38">A inicialização das definições está concluída.-999</string>
	<string name="i39">A inicialização das definições através da unidade USB está concluída.-999</string>
	<string name="i40">A começar a inicialização. É possível que todos os dados das unidades sejam eliminados.-999</string>
	<string name="i41">Prima o botão de função para começar a inicialização.-999</string>
	<string name="i42">A preparar inicialização...-999</string>
	<string name="i43">Falha de inicialização utilizando esta unidade USB.-999</string>
	<string name="i44">A inicialização utilizando a unidade USB foi começada, mas a unidade 1 não foi detectada.-999</string>
	<string name="i45">Falha de inicialização.-999</string>
	<string name="i46">Migração de dados em curso.-999</string>
	<string name="i47">Não desligue a alimentação da unidade.-999</string>
	<string name="i48">Este TeraStation foi configurado como alvo pós-falha de outro TeraStation.-999</string>
	<string name="i49">A unidade principal não foi encontrada. Ocorreu uma pós-falha e este TeraStation passou a ser a unidade principal.-999</string>
	<string name="i50">Este TeraStation encontra-se em modo de manutenção.-999</string>
	<string name="i51">A configurar pós-falha...-999</string>
	<string name="i52">Nova versão de firmware disponível.-999</string>
	<string name="i54">Falha da tarefa %d de cópia de segurança.-999</string>
	<string name="i54s">Erro da tarefa de cópia de segurança.-999</string>
	<string name="i55">Falha de autenticação durante a recuperação das definições.-999</string>
	<string name="i56">Não existem licenças de câmaras de vigilância suficientes.-999</string>
	<string name="i57">Espaço livre insuficiente para gravar vídeo de vigilância.-999</string>
	<string name="i58">Não foi possível gravar vídeo de vigilância.-999</string>
	<string name="i59">Erro Boot Authentication.-999</string>
	<string name="i60">A capacidade de escrita garantida da unidade %d foi ultrapassada.-999</string>
	<string name="i61">A unidade está em modo de configuração.-999</string>
	<string name="i62">Já não é possível escrever dados na unidade %d.-999</string>
	<string name="i63">A unidade tem demasiados blocos danificados, pelo que o modo de protecção foi activado. Efectue uma cópia de segurança dos dados da unidade afectada e substitua-a.-999</string>
	<string name="i64">Não foi possível ligar ao serviço de armazenamento em nuvem.-999</string>
	<string name="i65">O espaço livre encontra-se abaixo da percentagem limite configurada. Para informações sobre o armazenamento do destino específico, consulte a mensagem em Definições.-999</string>
	<string name="i66">O espaço livre é igual ou inferior a 1%%. Para informações sobre o armazenamento do destino específico, consulte a mensagem em Definições.-999</string>
	<string name="i70">Sem espaço disponível suficiente para guardar registos de acesso a ficheiros. Os registos mais antigos serão automaticamente eliminados.-999</string>
	<string name="i71">Sem espaço disponível suficiente pelo que os registos mais antigos foram eliminados.-999</string>
	<string name="i72">Erro ao escrever ficheiros de registo na pasta designada como pasta de destino. A pasta de destino foi alterada na área do sistema.-999</string>
</resources>
