<?xml version="1.0" encoding="utf-8"?>
<resources>
	<string name="e00">النظام لا يستجيب.-999</string>
	<string name="e01">حدث خطأ في لوحة الدائرة.-999</string>
	<string name="e02">حدث خطأ في لوحة الدائرة.-999</string>
	<string name="e03">حدث خطأ في لوحة الدائرة.-999</string>
	<string name="e04">برنامج ثابت تالف.-999</string>
	<string name="e05">النظام عالق.-999</string>
	<string name="e06">برنامج ثابت تالف.-999</string>
	<string name="e07">لم يتم العثور على محرك الأقراص.-999</string>
	<string name="e10">الطاقة العادية غير متوفرة. نفدت طاقة بطارية UPS %d.-999</string>
	<string name="e11">حدث خطأ في سرعة المروحة.-999</string>
	<string name="e12">قد يكون هناك ارتفاع في درجة حرارة النظام تجاوز قيمة السلامة المسموح بها.-999</string>
	<string name="e13">حدث خطأ في مصفوفة RAID %d.-999</string>
	<string name="e14">تعذر تثبيت مصفوفة RAID %d.-999</string>
	<string name="e15">يحتوي محرك الأقراص %d على عدد كبير جدًا من القطاعات أو الكتل التالفة.-999</string>
	<string name="e16">لم يتم العثور على %d محرك الأقراص.-999</string>
	<string name="e17">حدث خطأ في ساعة الوقت الفعلي.-999</string>
	<string name="e18">فشل SATA 1.-999</string>
	<string name="e19">فشل SATA 2.-999</string>
	<string name="e20">حدث عطل في USB.-999</string>
	<string name="e21">حدث عطل في NIC.-999</string>
	<string name="e22">تعذر تثبيت %d محرك الأقراص.-999</string>
	<string name="e23">لقد حدث خطأ ما في %d محرك الأقراص، لذلك تمت إزالته من مصفوفة RAID.-999</string>
	<string name="e24">لا يمكن تطبيق إعدادات iSCSI بشكل صحيح.-999</string>
	<string name="e25">حدث خطأ في iSCSI.-999</string>
	<string name="e26">حدث خطأ نسخ مماثل.-999</string>
	<string name="e27">قطع الاتصال بهدف تجاوز الفشل.-999</string>
	<string name="e30">حدث خطأ بأحد محركات الأقراص في محرك %d.-999</string>
	<string name="e31">فشل مصدر الطاقة.-999</string>
	<string name="e32">فشل مصدر الطاقة.-999</string>
	<string name="e33">تم الكشف عن كتل غير قابلة للاسترداد على محرك الأقراص %d.-999</string>
	<string name="e39">لا يمكن استخدام EasyStation للنسخ الاحتياطي في الوقت الحالي.\nإذا كان إعادة إنشاء مصفوفة التعدد للأقراص المستقلة (RAID) قيد التنفيذ، فانتظر حتى انتهائه.-999</string>
	<string name="e40">لقد أصبحت وحدة التخزين تالفة.-999</string>
	<string name="e41">فشل NVRAM.-999</string>
	<string name="e99">حدث خطأ أثناء وقت التقادم.-999</string>
	<string name="i01">جارِ التحقق من منطقة النظام...-999</string>
	<string name="i10">ترتفع درجة حرارة النظام بشكل أكثر من اللازم.-999</string>
	<string name="i11">جاوز عدد القطاعات أو الكتل التالفة القيمة المسموح بها على محرك الأقراص %d.-999</string>
	<string name="i12">إن جهاز مصفوفة RAID في وضع متدهور.-999</string>
	<string name="i13">جارِ تنسيق مصفوفة RAID %d...-999</string>
	<string name="i14">جارِ إعادة مزامنة مصفوفة RAID %d...-999</string>
	<string name="i15">جارِ فحص البيانات على RAID %d...-999</string>
	<string name="i16">جارِ إنشاء مصفوفة RAID %d...-999</string>
	<string name="i17">جارِ إعادة مزامنة مصفوفة RAID %d...-999</string>
	<string name="i18">جارِ إعادة إنشاء مصفوفة RAID %d...-999</string>
	<string name="i18s">إعادة بناء محرك الأقراص %s...-999</string>
	<string name="i19">جارِ إعادة كتابة مصفوفة RAID %d...-999</string>
	<string name="i20">جارِ تنسيق محرك الأقراص %d...-999</string>
	<string name="i21">جارِ فحص محرك الأقراص %d...-999</string>
	<string name="i22">جارِ إعادة كتابة محرك الأقراص %d...-999</string>
	<string name="i23">جارٍ تهيئة الإعدادات...-999</string>
	<string name="i24">جارٍ تكوين إعدادات الشبكة...-999</string>
	<string name="i25">جارٍ تحديث البرنامج الثابت...-999</string>
	<string name="i26">جارٍ تهيئة الإعدادات...-999</string>
	<string name="i27">جارِ فحص محرك الأقراص USB...-999</string>
	<string name="i28">جارِ تنسيق محرك الأقراص USB...-999</string>
	<string name="i29">جارِ تكوين الحصص النسبية...-999</string>
	<string name="i30">يتم الآن الاتصال بـ iSCSI...-999</string>
	<string name="i31">تم الكشف عن محرك جديد.-999</string>
	<string name="i32">تم الكشف عن محرك جديد.-999</string>
	<string name="i33">حدث خطأ نسخ مماثل.-999</string>
	<string name="i34">تم الكشف عن فيروس وعزله.-999</string>
	<string name="i35">خرطوشة الوسائط في فتحة مختلفة عن تلك التي تم إنشائها.-999</string>
	<string name="i36">لا يمكن إلغاء تشفير خرطوشة الوسائط.-999</string>
	<string name="i37">جارٍ تهيئة الإعدادات...-999</string>
	<string name="i38">تم الانتهاء من تهيئة الإعدادات.-999</string>
	<string name="i39">تم الانتهاء من تهيئة الإعدادات باستخدام محرك الأقراص USB هذا.-999</string>
	<string name="i40">جارِ بدء التهيئة. قد يتم حذف جميع البيانات الموجودة على محرك الأقراص هذا.-999</string>
	<string name="i41">اضغط على زر الوظائف لبدء التهيئة.-999</string>
	<string name="i42">جارِ التحضير للتهيئة...-999</string>
	<string name="i43">فشل التهيئة باستخدام محرك الأقراص USB هذا.-999</string>
	<string name="i44">تم بدء التهيئة باستخدام محرك أقراص USB، ولكن لم يتم الكشف عن محرك الأقراص 1.-999</string>
	<string name="i45">فشل التهيئة.-999</string>
	<string name="i46">عملية ترحيل البيانات قيد التنفيذ.-999</string>
	<string name="i47">لا تقم بفصل التيار الكهربي عن الوحدة.-999</string>
	<string name="i48">تم تكوين محطة TeraStation كهدف لتجاوز فشل محطة TeraStation أخرى.-999</string>
	<string name="i49">تعذر العثور على الوحدة الرئيسية. حدث تجاوز الفشل وأصبحت محطة TeraStation هي الوحدة الرئيسية.-999</string>
	<string name="i50">محطة TeraStation في وضع الصيانة.-999</string>
	<string name="i51">جارٍ تكوين تجاوز الفشل...-999</string>
	<string name="i52">يتوفر إصدار جديد من البرامج الثابتة.-999</string>
	<string name="i54">فشلت %d مهمة النسخ الاحتياطي.-999</string>
	<string name="i54s">فشل مهمة النسخ الاحتياطي.-999</string>
	<string name="i55">فشلت المصادقة خلال استعادة الإعدادات.-999</string>
	<string name="i56">لا يوجد تراخيص كاميرات مراقبة كافية.-999</string>
	<string name="i57">لا توجد مساحة كافية على لتسجيل فيديو مراقبة.-999</string>
	<string name="i58">تعذر تسجيل فيديو مراقبة.-999</string>
	<string name="i59">فشل Boot Authentication.-999</string>
	<string name="i60">تم تجاوز السعة المضمونة للكتابة على القرص %d.-999</string>
	<string name="i61">الوحدة في وضع إعداد محرك الأقراص.-999</string>
	<string name="i62">لم يعد من الممكن كتابة البيانات على محرك القرص %d.-999</string>
	<string name="i63">يحتوي محرك الأقراص على العديد من الكتل التالفة لذا تم تمكين وضع حماية البيانات. انسخ البيانات احتياطيًا على محرك الأقراص المتأثر واستبدله.-999</string>
	<string name="i64">تعذر الاتصال بالخدمة السحابية.-999</string>
	<string name="i65">انخفضت نسبة المساحة الفارغة بعد تكوين الحد الأدنى للنسبة المئوية. يرجي الرجوع إلى الرسالة الموجودة في الاعدادات للتخزين المستهدف المحدد.-999</string>
	<string name="i66">انخفضت نسبة المساحة الفارغة لتصل إلى 1%% أو أقل. يرجي الرجوع إلى الرسالة الموجودة في الاعدادات للتخزين المستهدف المحدد.-999</string>
	<string name="i70">لا توجد مساحة كافية متوفرة لحفظ سجلات الوصول إلى الملف. سيتم حذف السجلات الأقدم تلقائيًا.-999</string>
	<string name="i71">لا توجد مساحة كافية متوفرة لذا تم حذف السجلات الأقدم.-999</string>
	<string name="i72">فشلت عملية كتابة ملفات السجل في المجلد المسمى بـ "المجلد المستهدف". تم تغيير المجلد المستهدف إلى منطقة النظام.-999</string>
</resources>
