<?xml version="1.0" encoding="utf-8"?>
<resources>
	<string name="e00">Systemet svarer ikke.-999</string>
	<string name="e01">Det oppsto en feil med kretskortet.-999</string>
	<string name="e02">Det oppsto en feil med kretskortet.-999</string>
	<string name="e03">Det oppsto en feil med kretskortet.-999</string>
	<string name="e04">Skadet fastvare.-999</string>
	<string name="e05">Systemet er frosset.-999</string>
	<string name="e06">Skadet fastvare.-999</string>
	<string name="e07">Driver ikke funnet.-999</string>
	<string name="e10">Normal strøm er ikke tilgjengelig. UPS %d drives på batteristrøm.-999</string>
	<string name="e11">Det oppsto en feil med viftehastigheten.-999</string>
	<string name="e12">En økning i systemtemperaturen kan ha oversteget den tillatte sikkerhetsverdien.-999</string>
	<string name="e13">Det oppstod en feil med RAID oppstillingen %d.-999</string>
	<string name="e14">RAID oppstilling %d kunne ikke monteres.-999</string>
	<string name="e15">Driver %d har for mange dårlige sektorer eller blokker.-999</string>
	<string name="e16">Driver %d ikke funnet.-999</string>
	<string name="e17">Det oppstod en feil med sanntidsuret.-999</string>
	<string name="e18">SATA 1 mislyktes.-999</string>
	<string name="e19">SATA 2 mislyktes.-999</string>
	<string name="e20">USB-feil oppstod.-999</string>
	<string name="e21">En NIC-feil oppstod.-999</string>
	<string name="e22">Driver %d kunne ikke monteres.-999</string>
	<string name="e23">Det oppsto en feil på driveren %d og den er fjernet fra RAID oppstillingen.-999</string>
	<string name="e24">iSCSI-innstillingene kan ikke brukes riktig.-999</string>
	<string name="e25">Det oppsto en iSCSI-feil.-999</string>
	<string name="e26">Det oppstod en replikasjonsfeil.-999</string>
	<string name="e27">Mistet forbindelse med failover målet.-999</string>
	<string name="e30">Det oppstod en kjørefeil på driver %d.-999</string>
	<string name="e31">Strømforsyningen mislyktes.-999</string>
	<string name="e32">Strømforsyningen mislyktes.-999</string>
	<string name="e33">Blokker som ikke kan gjenopprettes, er oppdaget på driver %d.-999</string>
	<string name="e39">EasyStation kan ikke brukes til sikkerhetskopiering for øyeblikket.\nHvis det pågår en RAID-gjenoppbygging, må du vente til den er ferdig.-999</string>
	<string name="e40">Volumet er skadet.-999</string>
	<string name="e41">En NVRAM mislyktes.-999</string>
	<string name="e99">Feil har oppstått over tid.-999</string>
	<string name="i01">Sjekker systemområdet...-999</string>
	<string name="i10">Systemet er overopphetet.-999</string>
	<string name="i11">Antall dårlige sektorer eller dårlige blokker kan ha overskredet tillatt verdi på driver %d.-999</string>
	<string name="i12">RAID-arrayet er i en degradert modus.-999</string>
	<string name="i13">Formaterer RAID oppstilling %d...-999</string>
	<string name="i14">Resynkronisering RAID oppstilling %d...-999</string>
	<string name="i15">Skanner data på RAID oppstilling %d...-999</string>
	<string name="i16">Oppretter RAID oppstilling %d...-999</string>
	<string name="i17">Resynkronisering RAID oppstilling %d...-999</string>
	<string name="i18">Gjenoppbygger RAID-matrisen %d...-999</string>
	<string name="i18s">Gjenoppbygger disken %s...-999</string>
	<string name="i19">Omskriver RAID oppstilling %d...-999</string>
	<string name="i20">Formaterer driver %d...-999</string>
	<string name="i21">Kontrollerer driver %d...-999</string>
	<string name="i22">Omskriver driver %d...-999</string>
	<string name="i23">Starter innstillinger...-999</string>
	<string name="i24">Konfigurerer nettverksinnstillinger...-999</string>
	<string name="i25">Oppdaterer fastvare...-999</string>
	<string name="i26">Starter innstillinger...-999</string>
	<string name="i27">Kontrollerer USB-driver...-999</string>
	<string name="i28">Formaterer USB-driver...-999</string>
	<string name="i29">Konfigurere kvoter...-999</string>
	<string name="i30">Kobler til iSCSI ...-999</string>
	<string name="i31">En ny driver er oppdaget.-999</string>
	<string name="i32">En ny driver er oppdaget.-999</string>
	<string name="i33">Det oppstod en replikasjonsfeil.-999</string>
	<string name="i34">Et virus er oppdaget og satt i karantene.-999</string>
	<string name="i35">En mediekassett er i et spor som er forskjellig fra det hvor det ble opprettet.-999</string>
	<string name="i36">Mediekassetten kan ikke dekrypteres.-999</string>
	<string name="i37">Starter innstillinger...-999</string>
	<string name="i38">Innstilling av initialisering er fullført.-999</string>
	<string name="i39">Innstilling av initialisering ved hjelp av denne USB-driveren er fullført.-999</string>
	<string name="i40">Starter initialisering. Alle data på driverne kan slettes.-999</string>
	<string name="i41">Trykk på funksjonsknappen for å starte initialiseringen.-999</string>
	<string name="i42">Forbereder initialisering...-999</string>
	<string name="i43">Initialisering ved hjelp av denne USB-driveren mislyktes.-999</string>
	<string name="i44">Initialisering ved hjelp av USB-driveren ble startet, men driver 1 ble ikke oppdaget.-999</string>
	<string name="i45">Initialisering mislyktes.-999</string>
	<string name="i46">Datamigrasjon pågår.-999</string>
	<string name="i47">Ikke slå av strømmen til enheten.-999</string>
	<string name="i48">Denne TeraStation er konfigurert som failover mål til en annen TeraStation.-999</string>
	<string name="i49">Hovedenheten ble ikke funnet. Failover oppstod, og denne TeraStationen er nå blitt hovedenheten.-999</string>
	<string name="i50">Denne TeraStationen er i vedlikeholdsmodus.-999</string>
	<string name="i51">Konfigurerer failover...-999</string>
	<string name="i52">En ny fastvare er tilgjengelig.-999</string>
	<string name="i54">Sikkerhetskopieringsjobb %d mislyktes.-999</string>
	<string name="i54s">Sikkerhetskopieringen mislyktes.-999</string>
	<string name="i55">Autentisering under gjenoppretting av innstillinger mislyktes.-999</string>
	<string name="i56">Ikke nok overvåkningskamera lisenser.-999</string>
	<string name="i57">Ikke nok ledig plass til å ta opp overvåkingsvideo.-999</string>
	<string name="i58">Kunne ikke ta opp videoovervåking.-999</string>
	<string name="i59">Boot Authentication mislyktes.-999</string>
	<string name="i60">Den garanterte skrivekapasiteten til driver %d er overskredet.-999</string>
	<string name="i61">Enheten er i diskkonfigureringsmodus.-999</string>
	<string name="i62">Det er ikke lenger mulig å skrive data til driver %d.-999</string>
	<string name="i63">Driveren har for mange dårlige blokker, slik at databeskyttelsemodus er aktivert. Sikkerhetskopier data på den berørte driveren og erstatt den.-999</string>
	<string name="i64">Kunne ikke koble til skylagringstjenesten.-999</string>
	<string name="i65">Tilgjengelig lagringsplass har nå falt under den angitte grensen. Se meldingen i Innstillinger for bestemt mållagring.-999</string>
	<string name="i66">Tilgjengelig lagringsplass har nå falt til 1%% eller mindre. Se meldingen i Innstillinger for bestemt mållagring.-999</string>
	<string name="i70">Ikke nok ledig plass tilgjengelig for lagring av filtilgangslogger. Eldre logger slettes automatisk.-999</string>
	<string name="i71">Eldre logger ble slettet på grunn av utilstrekkelig ledig plass.-999</string>
	<string name="i72">Skriving av loggfilene til den angitte målmappen mislyktes. Målmappen har blitt endret til systemområdet.-999</string>
</resources>
