﻿<?xml version="1.0" encoding="utf-8"?>
<resources>
	<string name="e00">O sistema nŃo responde.</string>
	<string name="e01">Ocorreu um erro com a placa de circuito.</string>
	<string name="e02">Ocorreu um erro com a placa de circuito.</string>
	<string name="e03">Ocorreu um erro com a placa de circuito.</string>
	<string name="e04">Firmware danificado.</string>
	<string name="e05">O sistema bloqueou.</string>
	<string name="e06">Firmware danificado.</string>
	<string name="e07">Unidade não encontrada.</string>
	<string name="e10">A energia normal não está disponível. A bateria da UPS %d está a ficar sem energia.</string>
	<string name="e11">Ocorreu um erro com a velocidade da ventoinha.</string>
	<string name="e12">É possível que um aumento da temperatura do sistema tenha excedido o valor de segurança permitido.</string>
	<string name="e13">Ocorreu um erro com a matriz RAID %d.</string>
	<string name="e14">Não foi possível montar a matriz RAID %d.</string>
	<string name="e15">A unidade %d tem demasiados sectores ou blocos danificados.</string>
	<string name="e16">Unidade %d não encontrada.</string>
	<string name="e17">Ocorreu um erro com o relógio em tempo real.</string>
	<string name="e18">Falha de SATA 1.</string>
	<string name="e19">Falha de SATA 2.</string>
	<string name="e20">Ocorreu um erro na unidade USB.</string>
	<string name="e21">Ocorreu um erro na placa de rede.</string>
	<string name="e22">Não foi possível montar a unidade %d .</string>
	<string name="e23">Ocorreu um erro na unidade %d e foi removida da matriz RAID.</string>
	<string name="e24">As definições iSCSI não podem ser aplicadas correctamente.</string>
	<string name="e25">Ocorreu um erro iSCSI.</string>
	<string name="e26">Ocorreu um erro de replicação.</string>
	<string name="e27">Ligação perdida com o alvo pós-falha.</string>
	<string name="e30">Ocorreu um erro de unidade na unidade %d.</string>
	<string name="e31">Falha da fonte de alimentação.</string>
	<string name="e32">Falha da fonte de alimentação.</string>
	<string name="e33">Foram detectados blocos irrecuperáveis na unidade %d.</string>
	<string name="e39">O EasyStation não pode ser usado como cópia de segurança, de momento.\nSe uma reconstrução RAID estiver em curso, aguardar até que fique concluída.</string>
	<string name="e40">Volume danificado.</string>
	<string name="e41">Uma NVRAM falhou.</string>
	<string name="e99">Ocorreu um erro durante o tempo de envelhecimento.</string>
	<string name="i01">A verificar área do sistema...</string>
	<string name="i10">Sobreaquecimento do sistema.</string>
	<string name="i11">O número de sectores ou blocos danificados pode ter excedido o valor permitido na unidade %d.</string>
	<string name="i12">Matriz RAID no modo degradado.</string>
	<string name="i13">A formatar matriz RAID %d...</string>
	<string name="i14">A ressincronizar matriz RAID %d...</string>
	<string name="i15">A analisar dados na matriz RAID %d...</string>
	<string name="i16">A criar matriz RAID %d...</string>
	<string name="i17">A ressincronizar matriz RAID %d...</string>
	<string name="i18">A reconstruir matriz RAID %d...</string>
	<string name="i18s">A reconstruir unidade %s...</string>
	<string name="i19">A reescrever a matriz RAID %d...</string>
	<string name="i20">A formatar a unidade %d...</string>
	<string name="i21">A verificar a unidade %d...</string>
	<string name="i22">A reescrever a unidade %d...</string>
	<string name="i23">A inicializar definições...</string>
	<string name="i24">A configurar definições de rede...</string>
	<string name="i25">A actualizar firmware...</string>
	<string name="i26">A inicializar definições...</string>
	<string name="i27">A verificar a unidade USB...</string>
	<string name="i28">A formatar a unidade USB...</string>
	<string name="i29">A configurar quotas...</string>
	<string name="i30">A ligar ao iSCSI...</string>
	<string name="i31">Foi detectada uma nova unidade.</string>
	<string name="i32">Foi detectada uma nova unidade.</string>
	<string name="i33">Ocorreu um erro de replicação.</string>
	<string name="i34">Vírus detectado e enviado para quarentena.</string>
	<string name="i35">Existe um cartucho de dados numa ranhura diferente daquela onde foi criado.</string>
	<string name="i36">NŃo foi possÝvel desencriptar o cartucho de dados.</string>
	<string name="i37">A inicializar definições...</string>
	<string name="i38">A inicialização das definições está concluída.</string>
	<string name="i39">A inicialização das definições através da unidade USB está concluída.</string>
	<string name="i40">A começar a inicialização. É possível que todos os dados das unidades sejam eliminados.</string>
	<string name="i41">Prima o botão de função para começar a inicialização.</string>
	<string name="i42">A preparar inicialização...</string>
	<string name="i43">Falha de inicialização utilizando esta unidade USB.</string>
	<string name="i44">A inicialização utilizando a unidade USB foi começada, mas a unidade 1 não foi detectada.</string>
	<string name="i45">Falha de inicialização.</string>
	<string name="i46">Migração de dados em curso.</string>
	<string name="i47">Não desligue a alimentação da unidade.</string>
	<string name="i48">Este TeraStation foi configurado como alvo pós-falha de outro TeraStation.</string>
	<string name="i49">A unidade principal não foi encontrada. Ocorreu uma pós-falha e este TeraStation passou a ser a unidade principal.</string>
	<string name="i50">Este TeraStation encontra-se em modo de manutenção.</string>
	<string name="i51">A configurar pós-falha...</string>
	<string name="i52">Nova versão de firmware disponível.</string>
	<string name="i54">Falha da tarefa %d de cópia de segurança.</string>
	<string name="i54s">Erro da tarefa de cópia de segurança.</string>
	<string name="i55">Falha de autenticação durante a recuperação das definições.</string>
	<string name="i56">Não existem licenças de câmaras de vigilância suficientes.</string>
	<string name="i57">Espaço livre insuficiente para gravar vídeo de vigilância.</string>
	<string name="i58">Não foi possível gravar vídeo de vigilância.</string>
	<string name="i59">Erro Boot Authentication.</string>
	<string name="i60">A capacidade de escrita garantida da unidade %d foi ultrapassada.</string>
	<string name="i61">A unidade está em modo de configuração.</string>
	<string name="i62">Já não é possível escrever dados na unidade %d.</string>
	<string name="i63">A unidade tem demasiados blocos danificados, pelo que o modo de protecção foi activado. Efectue uma cópia de segurança dos dados da unidade afectada e substitua-a.</string>
	<string name="i64">Não foi possível ligar ao serviço de armazenamento em nuvem.</string>
	<string name="i65">O espaço livre encontra-se abaixo da percentagem limite configurada. Para informações sobre o armazenamento do destino específico, consulte a mensagem em Definições.</string>
	<string name="i66">O espaço livre é igual ou inferior a 1%%. Para informações sobre o armazenamento do destino específico, consulte a mensagem em Definições.</string>
	<string name="i70">Sem espaço disponível suficiente para guardar registos de acesso a ficheiros. Os registos mais antigos serão automaticamente eliminados.</string>
	<string name="i71">Sem espaço disponível suficiente pelo que os registos mais antigos foram eliminados.</string>
	<string name="i72">Erro ao escrever ficheiros de registo na pasta designada como pasta de destino. A pasta de destino foi alterada na área do sistema.</string>
</resources>
