﻿<?xml version="1.0" encoding="utf-8"?>
<resources>
	<string name="e00">시스템이 응답하지 않습니다.</string>
	<string name="e01">회로 보드에 오류가 발생했습니다.</string>
	<string name="e02">회로 보드에 오류가 발생했습니다.</string>
	<string name="e03">회로 보드에 오류가 발생했습니다.</string>
	<string name="e04">손상된 펌웨어입니다.</string>
	<string name="e05">시스템이 동결되었습니다.</string>
	<string name="e06">손상된 펌웨어입니다.</string>
	<string name="e07">드라이브를 찾을 수 없습니다.</string>
	<string name="e10">일반 전원을 사용할 수 없습니다. UPS %d의 배터리가 거의 소진되었습니다.</string>
	<string name="e11">팬 속도에 오류가 발생했습니다.</string>
	<string name="e12">시스템 온도 상승치가 허용 가능한 안전 수치를 초과했을 수 있습니다.</string>
	<string name="e13">RAID 어레이 %d에 오류가 발생했습니다.</string>
	<string name="e14">RAID 어레이 %d(을)를 탑재할 수 없습니다.</string>
	<string name="e15">드라이브 %d에 불량 섹터 또는 블록이 너무 많습니다.</string>
	<string name="e16">드라이브 %d(을)를 찾을 수 없습니다.</string>
	<string name="e17">실시간 클럭에 오류가 발생했습니다.</string>
	<string name="e18">SATA 1 실패.</string>
	<string name="e19">SATA 2 실패.</string>
	<string name="e20">USB 장애가 발생했습니다.</string>
	<string name="e21">NIC 장애가 발생했습니다.</string>
	<string name="e22">드라이브 %d(을)를 탑재할 수 없습니다.</string>
	<string name="e23">드라이브 %d에서 오류가 발생하여 RAID 어레이에서 제거되었습니다.</string>
	<string name="e24">iSCSI 설정을 제대로 적용할 수 없습니다.</string>
	<string name="e25">iSCSI 오류가 발생했습니다.</string>
	<string name="e26">복제 오류가 발생했습니다.</string>
	<string name="e27">장애 조치 대상에 대한 연결이 끊어졌습니다.</string>
	<string name="e30">드라이브 %d에서 드라이브 오류가 발생했습니다.</string>
	<string name="e31">전원 공급이 실패했습니다.</string>
	<string name="e32">전원 공급이 실패했습니다.</string>
	<string name="e33">복구 불가능한 블록이 드라이브 %d에서 탐지되었습니다.</string>
	<string name="e39">EasyStation은 현재 백업에 사용할 수 없습니다.\nRAID 재구축이 진행 중인 경우 재구축이 완료될 때까지 기다리십시오.</string>
	<string name="e40">볼륨이 손상되었습니다.</string>
	<string name="e41">NVRAM에 장애가 발생했습니다.</string>
	<string name="e99">에이징 시간에 오류가 발생했습니다.</string>
	<string name="i01">시스템 영역 확인 중...</string>
	<string name="i10">시스템이 과열되었습니다.</string>
	<string name="i11">불량 섹터 또는 불량 블록 수가 드라이브 %d의 허용 값을 초과했을 수 있습니다.</string>
	<string name="i12">RAID 어레이가 성능 저하 모드에 있습니다.</string>
	<string name="i13">RAID 어레이 %d 포맷 중...</string>
	<string name="i14">RAID 어레이 %d 재동기화 중...</string>
	<string name="i15">RAID 어레이 %d 에서 데이터 스캔 중...</string>
	<string name="i16">RAID 어레이 %d 만드는 중...</string>
	<string name="i17">RAID 어레이 %d 재동기화 중...</string>
	<string name="i18">RAID 어레이 %d 재구축...</string>
	<string name="i18s">드라이브 %s 재구축...</string>
	<string name="i19">RAID 어레이 %d 재작성 중...</string>
	<string name="i20">드라이브 %d 포맷 중...</string>
	<string name="i21">드라이브 %d 검사 중...</string>
	<string name="i22">드라이브 %d 재작성 중...</string>
	<string name="i23">설정 초기화 중...</string>
	<string name="i24">네트워크 설정 구성 중...</string>
	<string name="i25">펌웨어 업데이트 중...</string>
	<string name="i26">설정 초기화 중...</string>
	<string name="i27">USB 드라이브 점검 중...</string>
	<string name="i28">USB 드라이브 포맷 중...</string>
	<string name="i29">할당량 구성 중...</string>
	<string name="i30">iSCSI에 연결 중...</string>
	<string name="i31">새 드라이브가 감지되었습니다.</string>
	<string name="i32">새 드라이브가 감지되었습니다.</string>
	<string name="i33">복제 오류가 발생했습니다.</string>
	<string name="i34">바이러스를 감지하고 격리했습니다.</string>
	<string name="i35">미디어 카트리지가 생성된 슬롯과 다른 슬롯에 있습니다.</string>
	<string name="i36">미디어 카트리지의 암호를 해독할 수 없습니다.</string>
	<string name="i37">설정 초기화 중...</string>
	<string name="i38">초기화 설정이 완료되었습니다.</string>
	<string name="i39">이 USB 드라이브를 사용한 초기화 설정이 완료되었습니다.</string>
	<string name="i40">초기화를 시작 중입니다. 드라이브에 있는 모든 데이터가 삭제될 수 있습니다.</string>
	<string name="i41">기능 단추를 눌러 초기화를 시작하십시오.</string>
	<string name="i42">초기화 준비 중...</string>
	<string name="i43">이 USB 드라이브를 사용한 초기화가 실패했습니다.</string>
	<string name="i44">USB 드라이브를 사용하여 초기화를 개시했는데 드라이브 1이 감지되지 않았습니다.</string>
	<string name="i45">초기화에 실패했습니다.</string>
	<string name="i46">데이터 마이그레이션이 진행 중입니다.</string>
	<string name="i47">장치의 전원을 끄지 마십시오.</string>
	<string name="i48">이 TeraStation은 다른 TeraStation의 장애 조치 대상으로 구성되었습니다.</string>
	<string name="i49">주 장치를 찾을 수 없습니다. 장애 조치가 발생했으며 이 TeraStation이 이제 주 장치가 되었습니다.</string>
	<string name="i50">이 TeraStation이 유지 관리 모드에 있습니다.</string>
	<string name="i51">장애 조치 구성 중...</string>
	<string name="i52">새로운 펌웨어 버전을 사용할 수 있습니다.</string>
	<string name="i54">백업 작업 %d이(가) 실패했습니다.</string>
	<string name="i54s">백업 작업이 실패했습니다.</string>
	<string name="i55">설정을 복구하는 동안 인증이 실패했습니다.</string>
	<string name="i56">감시 카메라 라이센스 수가 충분하지 않습니다.</string>
	<string name="i57">감시 비디오를 녹화할 수 있는 공간이 충분하지 않습니다.</string>
	<string name="i58">감시 비디오를 녹화할 수 없습니다.</string>
	<string name="i59">Boot Authentication 작업이 실패했습니다.</string>
	<string name="i60">드라이브 %d에 지정된 쓰기 용량이 초과되었습니다.</string>
	<string name="i61">장치가 드라이브 설정 모드에서 실행됩니다.</string>
	<string name="i62">드라이브 %d에 더 이상 데이터를 쓸 수 없습니다.</string>
	<string name="i63">드라이브에 불량 블록이 너무 많아서 데이터 보호 모드가 활성화되었습니다. 영향을 받는 드라이브의 데이터를 백업하고 교체합니다.</string>
	<string name="i64">클라우드 저장 서비스에 연결할 수 없습니다.</string>
	<string name="i65">사용 가능한 공간이 구성된 임계값 비율 미만으로 감소했습니다. 특정 대상 스토리지에 대한 내용은 웹 설정화면 의 메시지를 참조하십시오.</string>
	<string name="i66">사용 가능한 공간이 1%% 미만으로 감소했습니다. 특정 대상 스토리지에 대한 내용은 웹 설정화면 의 메시지를 참조하십시오.</string>
	<string name="i70">파일 액세스 로그를 저장할 공간이 충분하지 않습니다. 오래된 로그부터 자동으로 삭제됩니다.</string>
	<string name="i71">여유 공간이 충분하지 않아 오래된 로그부터 삭제되었습니다.</string>
	<string name="i72">대상 폴더로 지정된 폴더에 로그 파일을 작성하지 못했습니다. 대상 폴더가 시스템 영역으로 변경되었습니다.</string>
</resources>
